{"name":"94d8b60a-fa34-4b1f-8c83-777162cc32d4","id":"/providers/Microsoft.Flow/flows/94d8b60a-fa34-4b1f-8c83-777162cc32d4","type":"Microsoft.Flow/flows","properties":{"apiId":"/providers/Microsoft.PowerApps/apis/shared_logicflows","displayName":"Certificacion de Carga","definition":{"metadata":{"workflowEntityId":null,"processAdvisorMetadata":null,"flowChargedByPaygo":null,"flowclientsuspensionreason":"None","flowclientsuspensiontime":null,"flowclientsuspensionreasondetails":null,"creator":{"id":"8f6d51d4-8895-471c-ad3a-9c32a4fbcb36","type":"User","tenantId":"1e07569c-45fa-4c65-81af-5a5fe9abc108"},"provisioningMethod":"FromDefinition","failureAlertSubscription":true,"clientLastModifiedTime":"2023-07-12T17:36:44.0328955Z"},"$schema":"https://schema.management.azure.com/providers/Microsoft.Logic/schemas/2016-06-01/workflowdefinition.json#","contentVersion":"1.0.0.0","parameters":{"$connections":{"defaultValue":{},"type":"Object"},"$authentication":{"defaultValue":{},"type":"SecureObject"}},"triggers":{"manual":{"splitOn":"@triggerBody()['rows']","metadata":{"operationMetadataId":"c39ca8d2-bb22-494f-8c0d-8a73c64a6635"},"type":"Request","kind":"ApiConnection","inputs":{"schema":{"type":"object","properties":{"rows":{"type":"array","items":{"type":"object","properties":{"text":{"title":"Nombre 1","type":"string","x-ms-dynamically-added":true,"description":"Please enter your input","x-ms-content-hint":"TEXT"},"email":{"title":"Email 1","type":"string","format":"email","x-ms-dynamically-added":true,"description":"Please enter an e-mail address","x-ms-content-hint":"EMAIL"},"entity":{"type":"object","properties":{"fileName":{"title":"fileName","type":"string"},"ID":{"title":"ID","type":"integer","format":"int64"},"itemUrl":{"title":"itemUrl","type":"string"}},"required":["fileName","ID","itemUrl"]}},"required":["text","email","entity"]}}},"required":["rows"]},"host":{"connection":{"name":"@parameters('$connections')['shared_sharepointonline']['connectionId']"},"api":{"runtimeUrl":"https://flow-apim-unitedstates-002-eastus-01.azure-apim.net/apim/sharepointonline"}},"operationId":"ForASelectedFileHybridTrigger","parameters":{"dataset":"https://egehainard.sharepoint.com/sites/ERP2022787","table":"f88b9dbe-d0f9-4d02-a4d1-d02bfca13c5c"},"headersSchema":{"x-ms-user-timestamp":{"title":"Timestamp","type":"string","x-ms-dynamically-added":false},"x-ms-user-email-encoded":{"title":"User email","type":"string","format":"byte","x-ms-dynamically-added":false}}}}},"actions":{"Populate_a_Microsoft_Word_template_2":{"runAfter":{},"metadata":{"01NCNRGYWKWRECJRZFZND3PJD2AVPTRIQF":"/General/0-Generales/Certificación de Carga SAP.docx","operationMetadataId":"83db78d2-19cb-4519-8f37-5568076ce531"},"type":"OpenApiConnection","inputs":{"host":{"apiId":"/providers/Microsoft.PowerApps/apis/shared_wordonlinebusiness","connectionName":"shared_wordonlinebusiness","operationId":"CreateFileItem"},"parameters":{"source":"groups/ec72fbc4-cfc5-400f-a500-6fe83bd84fa9","drive":"b!9w-HdKN0dkWFYaEqn-eTo3YeciY7mKlIvc3D48RIvLa-nYv4-dACTaTR0Cv8oTxc","file":"01NCNRGYWKWRECJRZFZND3PJD2AVPTRIQF","dynamicFileSchema/1202988028":"@split(triggerBody()?['entity']?['fileName'],'.xls')[0]","dynamicFileSchema/1875035669":"@triggerBody()['text']","dynamicFileSchema/-1102952983":"@triggerOutputs()['headers']['x-ms-user-timestamp']"},"authentication":{"value":"@json(decodeBase64(triggerOutputs().headers['X-MS-APIM-Tokens']))['$ConnectionKey']","type":"Raw"}}},"Create_file":{"runAfter":{"Populate_a_Microsoft_Word_template_2":["Succeeded"]},"metadata":{"operationMetadataId":"adfcd44e-687e-4bb4-983c-5cfd6417d608"},"type":"OpenApiConnection","inputs":{"host":{"apiId":"/providers/Microsoft.PowerApps/apis/shared_onedriveforbusiness","connectionName":"shared_onedriveforbusiness","operationId":"CreateFile"},"parameters":{"folderPath":"/Para Transcribir","name":"@{triggerBody()?['entity']?['fileName']}.docx","body":"@body('Populate_a_Microsoft_Word_template_2')"},"authentication":{"value":"@json(decodeBase64(triggerOutputs().headers['X-MS-APIM-Tokens']))['$ConnectionKey']","type":"Raw"}},"runtimeConfiguration":{"contentTransfer":{"transferMode":"Chunked"}}},"Convert_file":{"runAfter":{"Create_file":["Succeeded"]},"metadata":{"operationMetadataId":"1456f3d9-f6bf-4119-93ba-964fb7502369"},"type":"OpenApiConnection","inputs":{"host":{"apiId":"/providers/Microsoft.PowerApps/apis/shared_onedriveforbusiness","connectionName":"shared_onedriveforbusiness","operationId":"ConvertFile"},"parameters":{"id":"@outputs('Create_file')?['body/Id']","type":"PDF"},"authentication":{"value":"@json(decodeBase64(triggerOutputs().headers['X-MS-APIM-Tokens']))['$ConnectionKey']","type":"Raw"}}},"Create_file_2":{"runAfter":{"Convert_file":["Succeeded"]},"metadata":{"operationMetadataId":"0875b8c6-d0d7-4355-89fd-c21cdf35494c"},"type":"OpenApiConnection","inputs":{"host":{"apiId":"/providers/Microsoft.PowerApps/apis/shared_sharepointonline","connectionName":"shared_sharepointonline","operationId":"CreateFile"},"parameters":{"dataset":"https://egehainard.sharepoint.com/sites/ERP2022787","folderPath":"/Evidencias de Carga/ERP/Ciclo Productivo","name":"@{triggerBody()?['entity']?['fileName']}.pdf","body":"@body('Convert_file')"},"authentication":{"value":"@json(decodeBase64(triggerOutputs().headers['X-MS-APIM-Tokens']))['$ConnectionKey']","type":"Raw"}},"runtimeConfiguration":{"contentTransfer":{"transferMode":"Chunked"}}},"Delete_file":{"runAfter":{"Send_envelope":["Succeeded"]},"metadata":{"operationMetadataId":"1edfe3fc-b4ac-4bcf-8c8c-254bba700564"},"type":"OpenApiConnection","inputs":{"host":{"apiId":"/providers/Microsoft.PowerApps/apis/shared_onedriveforbusiness","connectionName":"shared_onedriveforbusiness","operationId":"DeleteFile"},"parameters":{"id":"@outputs('Create_file')?['body/Id']"},"authentication":{"value":"@json(decodeBase64(triggerOutputs().headers['X-MS-APIM-Tokens']))['$ConnectionKey']","type":"Raw"}}},"Create_envelope":{"runAfter":{"Get_file_content":["Succeeded"]},"metadata":{"operationMetadataId":"66d9e75f-ae7d-4f46-b122-fe5ada9b7ae2"},"type":"OpenApiConnection","inputs":{"host":{"apiId":"/providers/Microsoft.PowerApps/apis/shared_docusign","connectionName":"shared_docusign","operationId":"CreateBlankEnvelope"},"parameters":{"accountId":"1593fb49-5fe8-427f-a0ca-eac3a9c2f662","emailSubject":"Certf. de Plantilla -@{outputs('Create_file_2')?['body/Name']}","emailBody":"Saludos,\nFavor firmar el documento de certificación de Carga final@{outputs('Create_file_2')?['body/DisplayName']}"},"authentication":{"value":"@json(decodeBase64(triggerOutputs().headers['X-MS-APIM-Tokens']))['$ConnectionKey']","type":"Raw"}}},"Add_recipient_to_an_envelope_(V2)":{"runAfter":{"Create_envelope":["Succeeded"]},"metadata":{"operationMetadataId":"2b484e0c-f9db-4b41-b4d1-b139e1f260bf"},"type":"OpenApiConnection","inputs":{"host":{"apiId":"/providers/Microsoft.PowerApps/apis/shared_docusign","connectionName":"shared_docusign","operationId":"AddRecipientToEnvelopeV2"},"parameters":{"accountId":"1593fb49-5fe8-427f-a0ca-eac3a9c2f662","envelopeId":"@outputs('Create_envelope')?['body/envelopeId']","recipientType":"signers","additionalRecipientParams/name":"@outputs('Create_file_2')?['body/Name']","additionalRecipientParams/email":"@triggerBody()['email']"},"authentication":{"value":"@json(decodeBase64(triggerOutputs().headers['X-MS-APIM-Tokens']))['$ConnectionKey']","type":"Raw"}}},"Add_tabs_for_a_recipient_on_an_envelope":{"runAfter":{"Add_documents_to_an_envelope":["Succeeded"]},"metadata":{"operationMetadataId":"ecec0a21-d32a-4c65-9c70-59c2ae0cae3c"},"type":"OpenApiConnection","inputs":{"host":{"apiId":"/providers/Microsoft.PowerApps/apis/shared_docusign","connectionName":"shared_docusign","operationId":"AddRecipientTabs"},"parameters":{"accountId":"1593fb49-5fe8-427f-a0ca-eac3a9c2f662","envelopeId":"@outputs('Create_envelope')?['body/envelopeId']","recipientId":"@outputs('Add_recipient_to_an_envelope_(V2)')?['body/recipientId']","tabType":"signHereTabs","tabDetails/tabs":[{"anchorString":"/firmausuario/ "}]},"authentication":{"value":"@json(decodeBase64(triggerOutputs().headers['X-MS-APIM-Tokens']))['$ConnectionKey']","type":"Raw"}}},"Add_documents_to_an_envelope":{"runAfter":{"Add_recipient_to_an_envelope_(V2)":["Succeeded"]},"metadata":{"operationMetadataId":"323ccb5c-5337-435e-b0c5-c3111900c5f9"},"type":"OpenApiConnection","inputs":{"host":{"apiId":"/providers/Microsoft.PowerApps/apis/shared_docusign","connectionName":"shared_docusign","operationId":"AddDocumentsToEnvelope"},"parameters":{"accountId":"1593fb49-5fe8-427f-a0ca-eac3a9c2f662","envelopeId":"@outputs('Create_envelope')?['body/envelopeId']","body/documents":[{"documentBase64":"@base64(outputs('Get_file_content')?['body'])","fileExtension":"pdf","name":"Certificación de Carga Plantilla "}]},"authentication":{"value":"@json(decodeBase64(triggerOutputs().headers['X-MS-APIM-Tokens']))['$ConnectionKey']","type":"Raw"}}},"Get_file_content":{"runAfter":{"Create_file_2":["Succeeded"]},"metadata":{"operationMetadataId":"d1d0073d-7bde-461e-af71-707739d5a302"},"type":"OpenApiConnection","inputs":{"host":{"apiId":"/providers/Microsoft.PowerApps/apis/shared_sharepointonline","connectionName":"shared_sharepointonline","operationId":"GetFileContent"},"parameters":{"dataset":"https://egehainard.sharepoint.com/sites/ERP2022787","id":"@outputs('Create_file_2')?['body/Id']","inferContentType":true},"authentication":{"value":"@json(decodeBase64(triggerOutputs().headers['X-MS-APIM-Tokens']))['$ConnectionKey']","type":"Raw"}}},"Send_envelope":{"runAfter":{"Add_tabs_for_a_recipient_on_an_envelope":["Succeeded"]},"metadata":{"operationMetadataId":"5e402d11-67e4-4559-bcd3-4ffe2e65c178"},"type":"OpenApiConnection","inputs":{"host":{"apiId":"/providers/Microsoft.PowerApps/apis/shared_docusign","connectionName":"shared_docusign","operationId":"SendDraftEnvelope"},"parameters":{"accountId":"1593fb49-5fe8-427f-a0ca-eac3a9c2f662","envelopeId":"@outputs('Add_documents_to_an_envelope')?['body/envelopeId']"},"authentication":{"value":"@json(decodeBase64(triggerOutputs().headers['X-MS-APIM-Tokens']))['$ConnectionKey']","type":"Raw"}}}}},"connectionReferences":{"shared_sharepointonline":{"connectionName":"shared-sharepointonl-27f0587e-ae5f-480b-866d-843aa599118c","source":"Invoker","id":"/providers/Microsoft.PowerApps/apis/shared_sharepointonline","tier":"NotSpecified"},"shared_wordonlinebusiness":{"connectionName":"shared-wordonlinebus-d3d00859-54b0-49cf-9003-4259ee8ebbe2","source":"Invoker","id":"/providers/Microsoft.PowerApps/apis/shared_wordonlinebusiness","tier":"NotSpecified"},"shared_onedriveforbusiness":{"connectionName":"shared-onedriveforbu-8555fb96-8f5d-42ee-9ecf-197b24dbd284","source":"Invoker","id":"/providers/Microsoft.PowerApps/apis/shared_onedriveforbusiness","tier":"NotSpecified"},"shared_docusign":{"connectionName":"shared-docusign-2c47e5fa-e29f-4174-849a-e52950b3ad68","source":"Invoker","id":"/providers/Microsoft.PowerApps/apis/shared_docusign","tier":"NotSpecified"}},"flowFailureAlertSubscribed":false,"isManaged":false}}